{
  "myInterval": 3,
  "myRetryCount": 30,
  "scrollHeightData": {
    "homepage.md": {
      "height": 8.972577758265508,
      "lastAccessed": 1756616149839
    },
    "travelling.md": {
      "height": 5.516304347826087,
      "lastAccessed": 1752905084894
    },
    "content/index.md": {
      "height": 0.30434782608695654,
      "lastAccessed": 1755176607527
    },
    "content/verse/kv 271.md": {
      "height": 8.256019238100825,
      "lastAccessed": 1755178244555
    },
    "content/4 verse/afterworld.md": {
      "height": 7.07,
      "lastAccessed": 1755422784382
    },
    "content/2 dreams/patterned dreams.md": {
      "height": 3.726829268292683,
      "lastAccessed": 1756472362509
    }
  },
  "listenEvent": "mouseover",
  "pageSize": 10,
  "enableAutoCleanup": false,
  "cleanupDays": 30,
  "dataManagementSettingsOpen": false
}